<?xml version="1.0" encoding="UTF-8"?>
<project-private xmlns="http://www.netbeans.org/ns/project-private/1">
    <editor-bookmarks xmlns="http://www.netbeans.org/ns/editor-bookmarks/2" lastBookmarkId="0"/>
    <open-files xmlns="http://www.netbeans.org/ns/projectui-open-files/2">
        <group>
            <file>file:/C:/Users/estel/OneDrive/Documents/ECE%20-%20ING3/S2%20-%20ECE/POO%20Java/TP2/src/TP2/Liste.java</file>
            <file>file:/C:/Users/estel/OneDrive/Documents/ECE%20-%20ING3/S2%20-%20ECE/POO%20Java/TP2/src/TP2/PileEntiers.java</file>
            <file>file:/C:/Users/estel/OneDrive/Documents/ECE%20-%20ING3/S2%20-%20ECE/POO%20Java/TP2/src/TP2/Test.java</file>
            <file>file:/C:/Users/estel/OneDrive/Documents/ECE%20-%20ING3/S2%20-%20ECE/POO%20Java/TP2/src/TP2/Pile.java</file>
        </group>
    </open-files>
</project-private>
